bootstrap_objective,threshold_aggregation,fold,subject_id,label,pred_label,error_type,prob,threshold,margin,feature,raw_value_imputed,zscore,train_percentile,class0_mean_z,class1_mean_z,class_contrast_z,positive_side_score,direction,supports_error
accuracy,median,0,16,0,1,FP,0.3252502702711247,0.3237403440924212,0.0015099261787034912,VDJ_emg_VLO_peak_t_ms,100.99999999999996,0.15627331266068856,0.6875,0.3124806593810391,-0.7985616850848769,-1.111042344465916,-0.39931382551260747,negative_like,False
accuracy,median,0,16,0,1,FP,0.3252502702711247,0.3237403440924212,0.0015099261787034912,VDJ_emg_SEMITEND_min,0.0,-0.791076685895006,0.3125,-0.2752275580984845,0.7033593151405717,0.9785868732390561,-1.0051425644160497,negative_like,False
accuracy,median,0,16,0,1,FP,0.3252502702711247,0.3237403440924212,0.0015099261787034912,SSC_imu_roll_deg_peak_t_ms,18.654999999999866,-0.2334854835487269,0.75,0.21988745383067618,-0.5619346042339504,-0.7818220580646266,0.06246190834708981,positive_like,True
accuracy,median,0,16,0,1,FP,0.3252502702711247,0.3237403440924212,0.0015099261787034912,VDJ_ik_hip_adduction_r_range,11.122888227,0.6422452126534621,0.8125,-0.22062545762579214,0.5638206139325801,0.7844460715583722,0.47064763450006813,positive_like,True
accuracy,median,0,16,0,1,FP,0.3252502702711247,0.3237403440924212,0.0015099261787034912,SSC_syn2_early_integral,0.0344945804168305,-0.49966754918472667,0.34375,0.18614170250199766,-0.47569546194954904,-0.6618371644515467,0.354890669460951,positive_like,True
accuracy,median,0,16,0,1,FP,0.3252502702711247,0.3237403440924212,0.0015099261787034912,VDJ_id_knee_angle_r_moment_min,-13.960966392000005,0.5955680356053504,0.75,-0.15845484531195814,0.40494016024167223,0.5633950055536303,0.47232537814049336,positive_like,True
accuracy,median,0,16,0,1,FP,0.3252502702711247,0.3237403440924212,0.0015099261787034912,SSC_ik_hip_rotation_r_range,7.445514387999999,-0.747795342280644,0.21875,0.1778178627638697,-0.45442342706322275,-0.6322412898270925,0.6094925601309675,positive_like,True
accuracy,median,0,16,0,1,FP,0.3252502702711247,0.3237403440924212,0.0015099261787034912,VDJ_emg_VMO_max,133.8031768798828,-0.8595847378938114,0.21875,0.22730616598870895,-0.5808935353044786,-0.8081997012931876,0.6827910532359266,positive_like,True
accuracy,median,0,16,0,1,FP,0.3252502702711247,0.3237403440924212,0.0015099261787034912,SSC_emg_MED. GASTRO_min,8.589973449707031,-0.4366162307626104,0.5,0.1764351105201235,-0.45088972688476026,-0.6273248374048838,0.29938892258029204,positive_like,True
accuracy,median,0,16,0,1,FP,0.3252502702711247,0.3237403440924212,0.0015099261787034912,SSC_id_hip_adduction_r_moment_std,50.32613600570792,-0.38071981059846777,0.40625,-0.23345987849776356,0.5966196894942818,0.8300795679920454,-0.5622997160967269,negative_like,False
accuracy,median,0,16,0,1,FP,0.3252502702711247,0.3237403440924212,0.0015099261787034912,VDJ_ik_hip_adduction_r_std,4.501573866728918,0.9635813041457998,0.84375,-0.2086254102037173,0.5331538260761652,0.7417792362798825,0.8013170962095758,positive_like,True
accuracy,median,0,16,0,1,FP,0.3252502702711247,0.3237403440924212,0.0015099261787034912,VDJ_ik_hip_adduction_r_abs_peak,10.587959993,0.424932170227943,0.75,-0.20448158680304526,0.5225640551633404,0.7270456419663857,0.26589093604779546,positive_like,True
accuracy,median,0,16,0,1,FP,0.3252502702711247,0.3237403440924212,0.0015099261787034912,VDJ_syn1_sparsity,0.4825972064841808,-0.292664374788814,0.375,0.1369385833014925,-0.3499541573260365,-0.486892740627529,0.186156587776542,positive_like,True
accuracy,median,0,16,0,1,FP,0.3252502702711247,0.3237403440924212,0.0015099261787034912,VDJ_emg_VMO_abs_peak,133.8031768798828,-0.8595847378938114,0.21875,0.22730616598870895,-0.5808935353044786,-0.8081997012931876,0.6827910532359266,positive_like,True
accuracy,median,0,16,0,1,FP,0.3252502702711247,0.3237403440924212,0.0015099261787034912,SSC_ik_subtalar_angle_r_std,3.013806920528725,-0.30624446397919264,0.4375,0.16786894359701018,-0.4289984114145816,-0.5968673550115918,0.17567973007040694,positive_like,True
accuracy,median,0,16,0,1,FP,0.3252502702711247,0.3237403440924212,0.0015099261787034912,VDJ_label_duration,0.4300000000000001,-1.3797661494548217,0.09375,-0.2079647529613073,0.531465479790005,0.7394302327513123,-1.5415165128691706,negative_like,False
accuracy,median,0,16,0,1,FP,0.3252502702711247,0.3237403440924212,0.0015099261787034912,VDJ_grf_grf2_vz_peak_t_ms,80.00000000000007,0.2350931344192396,0.875,-0.21963632176388712,0.5612928222854884,0.7809291440493755,0.06426488415843898,positive_like,True
accuracy,median,0,16,0,1,FP,0.3252502702711247,0.3237403440924212,0.0015099261787034912,VDJ_id_knee_angle_r_moment_mean,70.69412459271287,0.18642102003321082,0.625,0.09615509019980387,-0.24572967495505507,-0.34188476515485894,-0.2612083124108364,negative_like,False
accuracy,median,0,16,0,1,FP,0.3252502702711247,0.3237403440924212,0.0015099261787034912,VDJ_imu_Accel_Earth_Y_mG_abs_peak,20814.7,0.7982329143482726,0.75,0.1548754290216253,-0.3957927630552659,-0.5506681920768912,-0.9186915813650929,negative_like,False
accuracy,median,0,16,0,1,FP,0.3252502702711247,0.3237403440924212,0.0015099261787034912,VDJ_id_hip_rotation_r_moment_mean,-1.4423404580297048,-0.4431123489802423,0.3125,-0.031704370122190476,0.08102227920115355,0.11272664932334403,-0.46777130351972385,negative_like,False
accuracy,median,0,33,1,0,FN,0.275889411501158,0.3237403440924212,-0.04785093259126322,VDJ_emg_VLO_peak_t_ms,85.99999999999986,-0.0864813477831011,0.59375,0.3124806593810391,-0.7985616850848769,-1.111042344465916,-0.1565591650688178,negative_like,True
accuracy,median,0,33,1,0,FN,0.275889411501158,0.3237403440924212,-0.04785093259126322,VDJ_emg_SEMITEND_min,28.500633239746094,1.5131841270308666,0.9375,-0.2752275580984845,0.7033593151405717,0.9785868732390561,1.299118248509823,positive_like,False
accuracy,median,0,33,1,0,FN,0.275889411501158,0.3237403440924212,-0.04785093259126322,SSC_imu_roll_deg_peak_t_ms,-67.00000000000017,-1.320343101176421,0.0625,0.21988745383067618,-0.5619346042339504,-0.7818220580646266,1.149319525974784,positive_like,False
accuracy,median,0,33,1,0,FN,0.275889411501158,0.3237403440924212,-0.04785093259126322,VDJ_ik_hip_adduction_r_range,12.109125436999998,0.8799808930863912,0.84375,-0.22062545762579214,0.5638206139325801,0.7844460715583722,0.7083833149329972,positive_like,False
accuracy,median,0,33,1,0,FN,0.275889411501158,0.3237403440924212,-0.04785093259126322,SSC_syn2_early_integral,0.0433990696880173,-0.13675782493555422,0.5625,0.18614170250199766,-0.47569546194954904,-0.6618371644515467,-0.008019054788221458,negative_like,True
accuracy,median,0,33,1,0,FN,0.275889411501158,0.3237403440924212,-0.04785093259126322,VDJ_id_knee_angle_r_moment_min,-25.99072872999916,-0.6325588153703812,0.1875,-0.15845484531195814,0.40494016024167223,0.5633950055536303,-0.7558014728352382,negative_like,True
accuracy,median,0,33,1,0,FN,0.275889411501158,0.3237403440924212,-0.04785093259126322,SSC_ik_hip_rotation_r_range,14.83732166,0.22415274155132928,0.6875,0.1778178627638697,-0.45442342706322275,-0.6322412898270925,-0.36245552370100576,negative_like,True
accuracy,median,0,33,1,0,FN,0.275889411501158,0.3237403440924212,-0.04785093259126322,VDJ_emg_VMO_max,353.8821716308594,1.5260469428007815,0.96875,0.22730616598870895,-0.5808935353044786,-0.8081997012931876,-1.7028406274586663,negative_like,True
accuracy,median,0,33,1,0,FN,0.275889411501158,0.3237403440924212,-0.04785093259126322,SSC_emg_MED. GASTRO_min,16.20768165588379,-0.24712307721881838,0.625,0.1764351105201235,-0.45088972688476026,-0.6273248374048838,0.1098957690365,positive_like,False
accuracy,median,0,33,1,0,FN,0.275889411501158,0.3237403440924212,-0.04785093259126322,SSC_id_hip_adduction_r_moment_std,52.73573844987331,-0.2574329076533785,0.4375,-0.23345987849776356,0.5966196894942818,0.8300795679920454,-0.43901281315163765,negative_like,True
accuracy,median,0,33,1,0,FN,0.275889411501158,0.3237403440924212,-0.04785093259126322,VDJ_ik_hip_adduction_r_std,4.931987293543304,1.2327116199011996,0.84375,-0.2086254102037173,0.5331538260761652,0.7417792362798825,1.0704474119649756,positive_like,False
accuracy,median,0,33,1,0,FN,0.275889411501158,0.3237403440924212,-0.04785093259126322,VDJ_ik_hip_adduction_r_abs_peak,12.194306886999998,0.784706229240604,0.78125,-0.20448158680304526,0.5225640551633404,0.7270456419663857,0.6256649950604565,positive_like,False
accuracy,median,0,33,1,0,FN,0.275889411501158,0.3237403440924212,-0.04785093259126322,VDJ_syn1_sparsity,0.2236278834003526,-2.0903724963761237,0.03125,0.1369385833014925,-0.3499541573260365,-0.486892740627529,1.9838647093638517,positive_like,False
accuracy,median,0,33,1,0,FN,0.275889411501158,0.3237403440924212,-0.04785093259126322,VDJ_emg_VMO_abs_peak,353.8821716308594,1.5260469428007815,0.96875,0.22730616598870895,-0.5808935353044786,-0.8081997012931876,-1.7028406274586663,negative_like,True
accuracy,median,0,33,1,0,FN,0.275889411501158,0.3237403440924212,-0.04785093259126322,SSC_ik_subtalar_angle_r_std,2.3902673362092317,-0.6611375055942771,0.28125,0.16786894359701018,-0.4289984114145816,-0.5968673550115918,0.5305727716854913,positive_like,False
accuracy,median,0,33,1,0,FN,0.275889411501158,0.3237403440924212,-0.04785093259126322,VDJ_label_duration,0.27,-2.851516708873299,0.0,-0.2079647529613073,0.531465479790005,0.7394302327513123,-3.013267072287648,negative_like,True
accuracy,median,0,33,1,0,FN,0.275889411501158,0.3237403440924212,-0.04785093259126322,VDJ_grf_grf2_vz_peak_t_ms,76.99999999999996,0.05160580999446435,0.84375,-0.21963632176388712,0.5612928222854884,0.7809291440493755,-0.11922244026633627,negative_like,True
accuracy,median,0,33,1,0,FN,0.275889411501158,0.3237403440924212,-0.04785093259126322,VDJ_id_knee_angle_r_moment_mean,57.62781315294049,-0.8144117247090759,0.21875,0.09615509019980387,-0.24572967495505507,-0.34188476515485894,0.7396244323314503,positive_like,False
accuracy,median,0,33,1,0,FN,0.275889411501158,0.3237403440924212,-0.04785093259126322,VDJ_imu_Accel_Earth_Y_mG_abs_peak,12548.9,-1.605397147238499,0.0625,0.1548754290216253,-0.3957927630552659,-0.5506681920768912,1.4849384802216785,positive_like,False
accuracy,median,0,33,1,0,FN,0.275889411501158,0.3237403440924212,-0.04785093259126322,VDJ_id_hip_rotation_r_moment_mean,22.51986401811882,2.5960030247979184,1.0,-0.031704370122190476,0.08102227920115355,0.11272664932334403,2.5713440702584367,positive_like,False
accuracy,q65,0,33,1,0,FN,0.275889411501158,0.3275245874785029,-0.051635175977344905,VDJ_emg_VLO_peak_t_ms,85.99999999999986,-0.0864813477831011,0.59375,0.3124806593810391,-0.7985616850848769,-1.111042344465916,-0.1565591650688178,negative_like,True
accuracy,q65,0,33,1,0,FN,0.275889411501158,0.3275245874785029,-0.051635175977344905,VDJ_emg_SEMITEND_min,28.500633239746094,1.5131841270308666,0.9375,-0.2752275580984845,0.7033593151405717,0.9785868732390561,1.299118248509823,positive_like,False
accuracy,q65,0,33,1,0,FN,0.275889411501158,0.3275245874785029,-0.051635175977344905,SSC_imu_roll_deg_peak_t_ms,-67.00000000000017,-1.320343101176421,0.0625,0.21988745383067618,-0.5619346042339504,-0.7818220580646266,1.149319525974784,positive_like,False
accuracy,q65,0,33,1,0,FN,0.275889411501158,0.3275245874785029,-0.051635175977344905,VDJ_ik_hip_adduction_r_range,12.109125436999998,0.8799808930863912,0.84375,-0.22062545762579214,0.5638206139325801,0.7844460715583722,0.7083833149329972,positive_like,False
accuracy,q65,0,33,1,0,FN,0.275889411501158,0.3275245874785029,-0.051635175977344905,SSC_syn2_early_integral,0.0433990696880173,-0.13675782493555422,0.5625,0.18614170250199766,-0.47569546194954904,-0.6618371644515467,-0.008019054788221458,negative_like,True
accuracy,q65,0,33,1,0,FN,0.275889411501158,0.3275245874785029,-0.051635175977344905,VDJ_id_knee_angle_r_moment_min,-25.99072872999916,-0.6325588153703812,0.1875,-0.15845484531195814,0.40494016024167223,0.5633950055536303,-0.7558014728352382,negative_like,True
accuracy,q65,0,33,1,0,FN,0.275889411501158,0.3275245874785029,-0.051635175977344905,SSC_ik_hip_rotation_r_range,14.83732166,0.22415274155132928,0.6875,0.1778178627638697,-0.45442342706322275,-0.6322412898270925,-0.36245552370100576,negative_like,True
accuracy,q65,0,33,1,0,FN,0.275889411501158,0.3275245874785029,-0.051635175977344905,VDJ_emg_VMO_max,353.8821716308594,1.5260469428007815,0.96875,0.22730616598870895,-0.5808935353044786,-0.8081997012931876,-1.7028406274586663,negative_like,True
accuracy,q65,0,33,1,0,FN,0.275889411501158,0.3275245874785029,-0.051635175977344905,SSC_emg_MED. GASTRO_min,16.20768165588379,-0.24712307721881838,0.625,0.1764351105201235,-0.45088972688476026,-0.6273248374048838,0.1098957690365,positive_like,False
accuracy,q65,0,33,1,0,FN,0.275889411501158,0.3275245874785029,-0.051635175977344905,SSC_id_hip_adduction_r_moment_std,52.73573844987331,-0.2574329076533785,0.4375,-0.23345987849776356,0.5966196894942818,0.8300795679920454,-0.43901281315163765,negative_like,True
accuracy,q65,0,33,1,0,FN,0.275889411501158,0.3275245874785029,-0.051635175977344905,VDJ_ik_hip_adduction_r_std,4.931987293543304,1.2327116199011996,0.84375,-0.2086254102037173,0.5331538260761652,0.7417792362798825,1.0704474119649756,positive_like,False
accuracy,q65,0,33,1,0,FN,0.275889411501158,0.3275245874785029,-0.051635175977344905,VDJ_ik_hip_adduction_r_abs_peak,12.194306886999998,0.784706229240604,0.78125,-0.20448158680304526,0.5225640551633404,0.7270456419663857,0.6256649950604565,positive_like,False
accuracy,q65,0,33,1,0,FN,0.275889411501158,0.3275245874785029,-0.051635175977344905,VDJ_syn1_sparsity,0.2236278834003526,-2.0903724963761237,0.03125,0.1369385833014925,-0.3499541573260365,-0.486892740627529,1.9838647093638517,positive_like,False
accuracy,q65,0,33,1,0,FN,0.275889411501158,0.3275245874785029,-0.051635175977344905,VDJ_emg_VMO_abs_peak,353.8821716308594,1.5260469428007815,0.96875,0.22730616598870895,-0.5808935353044786,-0.8081997012931876,-1.7028406274586663,negative_like,True
accuracy,q65,0,33,1,0,FN,0.275889411501158,0.3275245874785029,-0.051635175977344905,SSC_ik_subtalar_angle_r_std,2.3902673362092317,-0.6611375055942771,0.28125,0.16786894359701018,-0.4289984114145816,-0.5968673550115918,0.5305727716854913,positive_like,False
accuracy,q65,0,33,1,0,FN,0.275889411501158,0.3275245874785029,-0.051635175977344905,VDJ_label_duration,0.27,-2.851516708873299,0.0,-0.2079647529613073,0.531465479790005,0.7394302327513123,-3.013267072287648,negative_like,True
accuracy,q65,0,33,1,0,FN,0.275889411501158,0.3275245874785029,-0.051635175977344905,VDJ_grf_grf2_vz_peak_t_ms,76.99999999999996,0.05160580999446435,0.84375,-0.21963632176388712,0.5612928222854884,0.7809291440493755,-0.11922244026633627,negative_like,True
accuracy,q65,0,33,1,0,FN,0.275889411501158,0.3275245874785029,-0.051635175977344905,VDJ_id_knee_angle_r_moment_mean,57.62781315294049,-0.8144117247090759,0.21875,0.09615509019980387,-0.24572967495505507,-0.34188476515485894,0.7396244323314503,positive_like,False
accuracy,q65,0,33,1,0,FN,0.275889411501158,0.3275245874785029,-0.051635175977344905,VDJ_imu_Accel_Earth_Y_mG_abs_peak,12548.9,-1.605397147238499,0.0625,0.1548754290216253,-0.3957927630552659,-0.5506681920768912,1.4849384802216785,positive_like,False
accuracy,q65,0,33,1,0,FN,0.275889411501158,0.3275245874785029,-0.051635175977344905,VDJ_id_hip_rotation_r_moment_mean,22.51986401811882,2.5960030247979184,1.0,-0.031704370122190476,0.08102227920115355,0.11272664932334403,2.5713440702584367,positive_like,False
accuracy,q75,0,33,1,0,FN,0.275889411501158,0.3275245874785029,-0.051635175977344905,VDJ_emg_VLO_peak_t_ms,85.99999999999986,-0.0864813477831011,0.59375,0.3124806593810391,-0.7985616850848769,-1.111042344465916,-0.1565591650688178,negative_like,True
accuracy,q75,0,33,1,0,FN,0.275889411501158,0.3275245874785029,-0.051635175977344905,VDJ_emg_SEMITEND_min,28.500633239746094,1.5131841270308666,0.9375,-0.2752275580984845,0.7033593151405717,0.9785868732390561,1.299118248509823,positive_like,False
accuracy,q75,0,33,1,0,FN,0.275889411501158,0.3275245874785029,-0.051635175977344905,SSC_imu_roll_deg_peak_t_ms,-67.00000000000017,-1.320343101176421,0.0625,0.21988745383067618,-0.5619346042339504,-0.7818220580646266,1.149319525974784,positive_like,False
accuracy,q75,0,33,1,0,FN,0.275889411501158,0.3275245874785029,-0.051635175977344905,VDJ_ik_hip_adduction_r_range,12.109125436999998,0.8799808930863912,0.84375,-0.22062545762579214,0.5638206139325801,0.7844460715583722,0.7083833149329972,positive_like,False
accuracy,q75,0,33,1,0,FN,0.275889411501158,0.3275245874785029,-0.051635175977344905,SSC_syn2_early_integral,0.0433990696880173,-0.13675782493555422,0.5625,0.18614170250199766,-0.47569546194954904,-0.6618371644515467,-0.008019054788221458,negative_like,True
accuracy,q75,0,33,1,0,FN,0.275889411501158,0.3275245874785029,-0.051635175977344905,VDJ_id_knee_angle_r_moment_min,-25.99072872999916,-0.6325588153703812,0.1875,-0.15845484531195814,0.40494016024167223,0.5633950055536303,-0.7558014728352382,negative_like,True
accuracy,q75,0,33,1,0,FN,0.275889411501158,0.3275245874785029,-0.051635175977344905,SSC_ik_hip_rotation_r_range,14.83732166,0.22415274155132928,0.6875,0.1778178627638697,-0.45442342706322275,-0.6322412898270925,-0.36245552370100576,negative_like,True
accuracy,q75,0,33,1,0,FN,0.275889411501158,0.3275245874785029,-0.051635175977344905,VDJ_emg_VMO_max,353.8821716308594,1.5260469428007815,0.96875,0.22730616598870895,-0.5808935353044786,-0.8081997012931876,-1.7028406274586663,negative_like,True
accuracy,q75,0,33,1,0,FN,0.275889411501158,0.3275245874785029,-0.051635175977344905,SSC_emg_MED. GASTRO_min,16.20768165588379,-0.24712307721881838,0.625,0.1764351105201235,-0.45088972688476026,-0.6273248374048838,0.1098957690365,positive_like,False
accuracy,q75,0,33,1,0,FN,0.275889411501158,0.3275245874785029,-0.051635175977344905,SSC_id_hip_adduction_r_moment_std,52.73573844987331,-0.2574329076533785,0.4375,-0.23345987849776356,0.5966196894942818,0.8300795679920454,-0.43901281315163765,negative_like,True
accuracy,q75,0,33,1,0,FN,0.275889411501158,0.3275245874785029,-0.051635175977344905,VDJ_ik_hip_adduction_r_std,4.931987293543304,1.2327116199011996,0.84375,-0.2086254102037173,0.5331538260761652,0.7417792362798825,1.0704474119649756,positive_like,False
accuracy,q75,0,33,1,0,FN,0.275889411501158,0.3275245874785029,-0.051635175977344905,VDJ_ik_hip_adduction_r_abs_peak,12.194306886999998,0.784706229240604,0.78125,-0.20448158680304526,0.5225640551633404,0.7270456419663857,0.6256649950604565,positive_like,False
accuracy,q75,0,33,1,0,FN,0.275889411501158,0.3275245874785029,-0.051635175977344905,VDJ_syn1_sparsity,0.2236278834003526,-2.0903724963761237,0.03125,0.1369385833014925,-0.3499541573260365,-0.486892740627529,1.9838647093638517,positive_like,False
accuracy,q75,0,33,1,0,FN,0.275889411501158,0.3275245874785029,-0.051635175977344905,VDJ_emg_VMO_abs_peak,353.8821716308594,1.5260469428007815,0.96875,0.22730616598870895,-0.5808935353044786,-0.8081997012931876,-1.7028406274586663,negative_like,True
accuracy,q75,0,33,1,0,FN,0.275889411501158,0.3275245874785029,-0.051635175977344905,SSC_ik_subtalar_angle_r_std,2.3902673362092317,-0.6611375055942771,0.28125,0.16786894359701018,-0.4289984114145816,-0.5968673550115918,0.5305727716854913,positive_like,False
accuracy,q75,0,33,1,0,FN,0.275889411501158,0.3275245874785029,-0.051635175977344905,VDJ_label_duration,0.27,-2.851516708873299,0.0,-0.2079647529613073,0.531465479790005,0.7394302327513123,-3.013267072287648,negative_like,True
accuracy,q75,0,33,1,0,FN,0.275889411501158,0.3275245874785029,-0.051635175977344905,VDJ_grf_grf2_vz_peak_t_ms,76.99999999999996,0.05160580999446435,0.84375,-0.21963632176388712,0.5612928222854884,0.7809291440493755,-0.11922244026633627,negative_like,True
accuracy,q75,0,33,1,0,FN,0.275889411501158,0.3275245874785029,-0.051635175977344905,VDJ_id_knee_angle_r_moment_mean,57.62781315294049,-0.8144117247090759,0.21875,0.09615509019980387,-0.24572967495505507,-0.34188476515485894,0.7396244323314503,positive_like,False
accuracy,q75,0,33,1,0,FN,0.275889411501158,0.3275245874785029,-0.051635175977344905,VDJ_imu_Accel_Earth_Y_mG_abs_peak,12548.9,-1.605397147238499,0.0625,0.1548754290216253,-0.3957927630552659,-0.5506681920768912,1.4849384802216785,positive_like,False
accuracy,q75,0,33,1,0,FN,0.275889411501158,0.3275245874785029,-0.051635175977344905,VDJ_id_hip_rotation_r_moment_mean,22.51986401811882,2.5960030247979184,1.0,-0.031704370122190476,0.08102227920115355,0.11272664932334403,2.5713440702584367,positive_like,False
accuracy,median,2,15,1,0,FN,0.2299833305006997,0.3007729281645735,-0.07078959766387383,VDJ_emg_VLO_peak_t_ms,37.999999999999815,-1.0594691375442038,0.15625,0.25341768996014036,-0.7602530698804213,-1.0136707598405617,0.8060514475840633,positive_like,False
accuracy,median,2,15,1,0,FN,0.2299833305006997,0.3007729281645735,-0.07078959766387383,VDJ_emg_SEMITEND_min,25.026336669921875,1.9025320306789049,0.9375,-0.29307495172080417,0.8792248551624122,1.1722998068832164,1.6094570789581009,positive_like,False
accuracy,median,2,15,1,0,FN,0.2299833305006997,0.3007729281645735,-0.07078959766387383,SSC_imu_roll_deg_peak_t_ms,14.15500000000014,-0.28564522270360576,0.75,0.2126372861186843,-0.6379118583560535,-0.8505491444747377,0.07300793658492116,positive_like,False
accuracy,median,2,15,1,0,FN,0.2299833305006997,0.3007729281645735,-0.07078959766387383,VDJ_ik_hip_adduction_r_range,10.39277999,0.2923740029078752,0.65625,-0.21920314756159684,0.6576094426847916,0.8768125902463885,0.07317085534627782,positive_like,False
accuracy,median,2,15,1,0,FN,0.2299833305006997,0.3007729281645735,-0.07078959766387383,SSC_syn2_early_integral,0.0229551875955838,-1.031975442511168,0.0625,0.06955550071366516,-0.20866650214099514,-0.2782220028546603,0.962419941797503,positive_like,False
accuracy,median,2,15,1,0,FN,0.2299833305006997,0.3007729281645735,-0.07078959766387383,VDJ_id_knee_angle_r_moment_min,-36.56029204400004,-1.5741859455976421,0.0625,-0.19609654087596903,0.5882896226279084,0.7843861635038775,-1.7702824864736117,negative_like,True
accuracy,median,2,15,1,0,FN,0.2299833305006997,0.3007729281645735,-0.07078959766387383,SSC_ik_hip_rotation_r_range,5.544466211999989,-1.2117064071332666,0.09375,0.062190196805845754,-0.1865705904175356,-0.24876078722338135,1.1495162103274217,positive_like,False
accuracy,median,2,15,1,0,FN,0.2299833305006997,0.3007729281645735,-0.07078959766387383,VDJ_emg_VMO_max,139.9208984375,-0.849451217598037,0.21875,0.07797817523702281,-0.23393452571106851,-0.3119127009480913,0.7714730423610141,positive_like,False
accuracy,median,2,15,1,0,FN,0.2299833305006997,0.3007729281645735,-0.07078959766387383,SSC_emg_MED. GASTRO_min,6.317917346954346,-0.5083604205335215,0.4375,0.13666410666276596,-0.40999231998829755,-0.5466564266510635,0.3716963138707557,positive_like,False
accuracy,median,2,15,1,0,FN,0.2299833305006997,0.3007729281645735,-0.07078959766387383,SSC_id_hip_adduction_r_moment_std,72.53375974316064,0.9228603084379888,0.875,-0.1791963813200662,0.5375891439601964,0.7167855252802626,0.7436639271179237,positive_like,False
accuracy,median,2,15,1,0,FN,0.2299833305006997,0.3007729281645735,-0.07078959766387383,VDJ_ik_hip_adduction_r_std,3.6879185443564384,0.2706365191520626,0.71875,-0.17763968811294698,0.5329190643388397,0.7105587524517867,0.09299683103911621,positive_like,False
accuracy,median,2,15,1,0,FN,0.2299833305006997,0.3007729281645735,-0.07078959766387383,VDJ_ik_hip_adduction_r_abs_peak,7.19757578,-0.31283919435650964,0.4375,-0.1931976016245965,0.5795928048737911,0.7727904064983876,-0.506036795981107,negative_like,True
accuracy,median,2,15,1,0,FN,0.2299833305006997,0.3007729281645735,-0.07078959766387383,VDJ_syn1_sparsity,0.4602700158716531,-0.6323308765192827,0.1875,0.17512644599882643,-0.5253793379964757,-0.7005057839953022,0.457204430520458,positive_like,False
accuracy,median,2,15,1,0,FN,0.2299833305006997,0.3007729281645735,-0.07078959766387383,VDJ_emg_VMO_abs_peak,139.9208984375,-0.849451217598037,0.21875,0.07797817523702281,-0.23393452571106851,-0.3119127009480913,0.7714730423610141,positive_like,False
accuracy,median,2,15,1,0,FN,0.2299833305006997,0.3007729281645735,-0.07078959766387383,SSC_ik_subtalar_angle_r_std,5.80967023680482,1.48607330180429,0.875,0.22650988988872692,-0.6795296696661801,-0.906039559554907,-1.7125831916930165,negative_like,True
accuracy,median,2,15,1,0,FN,0.2299833305006997,0.3007729281645735,-0.07078959766387383,VDJ_label_duration,0.6999999999999997,1.1513433833256599,0.90625,-0.08024514489845551,0.24073543469536668,0.3209805795938222,1.0710982384272043,positive_like,False
accuracy,median,2,15,1,0,FN,0.2299833305006997,0.3007729281645735,-0.07078959766387383,VDJ_grf_grf2_vz_peak_t_ms,78.50000000000001,0.0942965780222951,0.75,-0.1670869189517872,0.501260756855362,0.6683476758071492,-0.0727903409294923,negative_like,True
accuracy,median,2,15,1,0,FN,0.2299833305006997,0.3007729281645735,-0.07078959766387383,VDJ_id_knee_angle_r_moment_mean,44.86938730231677,-1.816371009325816,0.03125,0.07216705043466622,-0.21650115130400255,-0.28866820173866875,1.744203958891148,positive_like,False
accuracy,median,2,15,1,0,FN,0.2299833305006997,0.3007729281645735,-0.07078959766387383,VDJ_imu_Accel_Earth_Y_mG_abs_peak,17076.3,-0.18311760118324247,0.40625,0.22011078585275545,-0.6603323575582688,-0.8804431434110243,-0.036993184669514206,negative_like,True
accuracy,median,2,15,1,0,FN,0.2299833305006997,0.3007729281645735,-0.07078959766387383,VDJ_id_hip_rotation_r_moment_mean,-3.8247902254455344,-0.9328245183158685,0.21875,-0.10310476147561894,0.3093142844268565,0.4124190459024754,-1.0359292797914874,negative_like,True
accuracy,q65,2,15,1,0,FN,0.2299833305006997,0.3007729281645735,-0.07078959766387383,VDJ_emg_VLO_peak_t_ms,37.999999999999815,-1.0594691375442038,0.15625,0.25341768996014036,-0.7602530698804213,-1.0136707598405617,0.8060514475840633,positive_like,False
accuracy,q65,2,15,1,0,FN,0.2299833305006997,0.3007729281645735,-0.07078959766387383,VDJ_emg_SEMITEND_min,25.026336669921875,1.9025320306789049,0.9375,-0.29307495172080417,0.8792248551624122,1.1722998068832164,1.6094570789581009,positive_like,False
accuracy,q65,2,15,1,0,FN,0.2299833305006997,0.3007729281645735,-0.07078959766387383,SSC_imu_roll_deg_peak_t_ms,14.15500000000014,-0.28564522270360576,0.75,0.2126372861186843,-0.6379118583560535,-0.8505491444747377,0.07300793658492116,positive_like,False
accuracy,q65,2,15,1,0,FN,0.2299833305006997,0.3007729281645735,-0.07078959766387383,VDJ_ik_hip_adduction_r_range,10.39277999,0.2923740029078752,0.65625,-0.21920314756159684,0.6576094426847916,0.8768125902463885,0.07317085534627782,positive_like,False
accuracy,q65,2,15,1,0,FN,0.2299833305006997,0.3007729281645735,-0.07078959766387383,SSC_syn2_early_integral,0.0229551875955838,-1.031975442511168,0.0625,0.06955550071366516,-0.20866650214099514,-0.2782220028546603,0.962419941797503,positive_like,False
accuracy,q65,2,15,1,0,FN,0.2299833305006997,0.3007729281645735,-0.07078959766387383,VDJ_id_knee_angle_r_moment_min,-36.56029204400004,-1.5741859455976421,0.0625,-0.19609654087596903,0.5882896226279084,0.7843861635038775,-1.7702824864736117,negative_like,True
accuracy,q65,2,15,1,0,FN,0.2299833305006997,0.3007729281645735,-0.07078959766387383,SSC_ik_hip_rotation_r_range,5.544466211999989,-1.2117064071332666,0.09375,0.062190196805845754,-0.1865705904175356,-0.24876078722338135,1.1495162103274217,positive_like,False
accuracy,q65,2,15,1,0,FN,0.2299833305006997,0.3007729281645735,-0.07078959766387383,VDJ_emg_VMO_max,139.9208984375,-0.849451217598037,0.21875,0.07797817523702281,-0.23393452571106851,-0.3119127009480913,0.7714730423610141,positive_like,False
accuracy,q65,2,15,1,0,FN,0.2299833305006997,0.3007729281645735,-0.07078959766387383,SSC_emg_MED. GASTRO_min,6.317917346954346,-0.5083604205335215,0.4375,0.13666410666276596,-0.40999231998829755,-0.5466564266510635,0.3716963138707557,positive_like,False
accuracy,q65,2,15,1,0,FN,0.2299833305006997,0.3007729281645735,-0.07078959766387383,SSC_id_hip_adduction_r_moment_std,72.53375974316064,0.9228603084379888,0.875,-0.1791963813200662,0.5375891439601964,0.7167855252802626,0.7436639271179237,positive_like,False
accuracy,q65,2,15,1,0,FN,0.2299833305006997,0.3007729281645735,-0.07078959766387383,VDJ_ik_hip_adduction_r_std,3.6879185443564384,0.2706365191520626,0.71875,-0.17763968811294698,0.5329190643388397,0.7105587524517867,0.09299683103911621,positive_like,False
accuracy,q65,2,15,1,0,FN,0.2299833305006997,0.3007729281645735,-0.07078959766387383,VDJ_ik_hip_adduction_r_abs_peak,7.19757578,-0.31283919435650964,0.4375,-0.1931976016245965,0.5795928048737911,0.7727904064983876,-0.506036795981107,negative_like,True
accuracy,q65,2,15,1,0,FN,0.2299833305006997,0.3007729281645735,-0.07078959766387383,VDJ_syn1_sparsity,0.4602700158716531,-0.6323308765192827,0.1875,0.17512644599882643,-0.5253793379964757,-0.7005057839953022,0.457204430520458,positive_like,False
accuracy,q65,2,15,1,0,FN,0.2299833305006997,0.3007729281645735,-0.07078959766387383,VDJ_emg_VMO_abs_peak,139.9208984375,-0.849451217598037,0.21875,0.07797817523702281,-0.23393452571106851,-0.3119127009480913,0.7714730423610141,positive_like,False
accuracy,q65,2,15,1,0,FN,0.2299833305006997,0.3007729281645735,-0.07078959766387383,SSC_ik_subtalar_angle_r_std,5.80967023680482,1.48607330180429,0.875,0.22650988988872692,-0.6795296696661801,-0.906039559554907,-1.7125831916930165,negative_like,True
accuracy,q65,2,15,1,0,FN,0.2299833305006997,0.3007729281645735,-0.07078959766387383,VDJ_label_duration,0.6999999999999997,1.1513433833256599,0.90625,-0.08024514489845551,0.24073543469536668,0.3209805795938222,1.0710982384272043,positive_like,False
accuracy,q65,2,15,1,0,FN,0.2299833305006997,0.3007729281645735,-0.07078959766387383,VDJ_grf_grf2_vz_peak_t_ms,78.50000000000001,0.0942965780222951,0.75,-0.1670869189517872,0.501260756855362,0.6683476758071492,-0.0727903409294923,negative_like,True
accuracy,q65,2,15,1,0,FN,0.2299833305006997,0.3007729281645735,-0.07078959766387383,VDJ_id_knee_angle_r_moment_mean,44.86938730231677,-1.816371009325816,0.03125,0.07216705043466622,-0.21650115130400255,-0.28866820173866875,1.744203958891148,positive_like,False
accuracy,q65,2,15,1,0,FN,0.2299833305006997,0.3007729281645735,-0.07078959766387383,VDJ_imu_Accel_Earth_Y_mG_abs_peak,17076.3,-0.18311760118324247,0.40625,0.22011078585275545,-0.6603323575582688,-0.8804431434110243,-0.036993184669514206,negative_like,True
accuracy,q65,2,15,1,0,FN,0.2299833305006997,0.3007729281645735,-0.07078959766387383,VDJ_id_hip_rotation_r_moment_mean,-3.8247902254455344,-0.9328245183158685,0.21875,-0.10310476147561894,0.3093142844268565,0.4124190459024754,-1.0359292797914874,negative_like,True
accuracy,q75,2,15,1,0,FN,0.2299833305006997,0.3196579632472137,-0.089674632746514,VDJ_emg_VLO_peak_t_ms,37.999999999999815,-1.0594691375442038,0.15625,0.25341768996014036,-0.7602530698804213,-1.0136707598405617,0.8060514475840633,positive_like,False
accuracy,q75,2,15,1,0,FN,0.2299833305006997,0.3196579632472137,-0.089674632746514,VDJ_emg_SEMITEND_min,25.026336669921875,1.9025320306789049,0.9375,-0.29307495172080417,0.8792248551624122,1.1722998068832164,1.6094570789581009,positive_like,False
accuracy,q75,2,15,1,0,FN,0.2299833305006997,0.3196579632472137,-0.089674632746514,SSC_imu_roll_deg_peak_t_ms,14.15500000000014,-0.28564522270360576,0.75,0.2126372861186843,-0.6379118583560535,-0.8505491444747377,0.07300793658492116,positive_like,False
accuracy,q75,2,15,1,0,FN,0.2299833305006997,0.3196579632472137,-0.089674632746514,VDJ_ik_hip_adduction_r_range,10.39277999,0.2923740029078752,0.65625,-0.21920314756159684,0.6576094426847916,0.8768125902463885,0.07317085534627782,positive_like,False
accuracy,q75,2,15,1,0,FN,0.2299833305006997,0.3196579632472137,-0.089674632746514,SSC_syn2_early_integral,0.0229551875955838,-1.031975442511168,0.0625,0.06955550071366516,-0.20866650214099514,-0.2782220028546603,0.962419941797503,positive_like,False
accuracy,q75,2,15,1,0,FN,0.2299833305006997,0.3196579632472137,-0.089674632746514,VDJ_id_knee_angle_r_moment_min,-36.56029204400004,-1.5741859455976421,0.0625,-0.19609654087596903,0.5882896226279084,0.7843861635038775,-1.7702824864736117,negative_like,True
accuracy,q75,2,15,1,0,FN,0.2299833305006997,0.3196579632472137,-0.089674632746514,SSC_ik_hip_rotation_r_range,5.544466211999989,-1.2117064071332666,0.09375,0.062190196805845754,-0.1865705904175356,-0.24876078722338135,1.1495162103274217,positive_like,False
accuracy,q75,2,15,1,0,FN,0.2299833305006997,0.3196579632472137,-0.089674632746514,VDJ_emg_VMO_max,139.9208984375,-0.849451217598037,0.21875,0.07797817523702281,-0.23393452571106851,-0.3119127009480913,0.7714730423610141,positive_like,False
accuracy,q75,2,15,1,0,FN,0.2299833305006997,0.3196579632472137,-0.089674632746514,SSC_emg_MED. GASTRO_min,6.317917346954346,-0.5083604205335215,0.4375,0.13666410666276596,-0.40999231998829755,-0.5466564266510635,0.3716963138707557,positive_like,False
accuracy,q75,2,15,1,0,FN,0.2299833305006997,0.3196579632472137,-0.089674632746514,SSC_id_hip_adduction_r_moment_std,72.53375974316064,0.9228603084379888,0.875,-0.1791963813200662,0.5375891439601964,0.7167855252802626,0.7436639271179237,positive_like,False
accuracy,q75,2,15,1,0,FN,0.2299833305006997,0.3196579632472137,-0.089674632746514,VDJ_ik_hip_adduction_r_std,3.6879185443564384,0.2706365191520626,0.71875,-0.17763968811294698,0.5329190643388397,0.7105587524517867,0.09299683103911621,positive_like,False
accuracy,q75,2,15,1,0,FN,0.2299833305006997,0.3196579632472137,-0.089674632746514,VDJ_ik_hip_adduction_r_abs_peak,7.19757578,-0.31283919435650964,0.4375,-0.1931976016245965,0.5795928048737911,0.7727904064983876,-0.506036795981107,negative_like,True
accuracy,q75,2,15,1,0,FN,0.2299833305006997,0.3196579632472137,-0.089674632746514,VDJ_syn1_sparsity,0.4602700158716531,-0.6323308765192827,0.1875,0.17512644599882643,-0.5253793379964757,-0.7005057839953022,0.457204430520458,positive_like,False
accuracy,q75,2,15,1,0,FN,0.2299833305006997,0.3196579632472137,-0.089674632746514,VDJ_emg_VMO_abs_peak,139.9208984375,-0.849451217598037,0.21875,0.07797817523702281,-0.23393452571106851,-0.3119127009480913,0.7714730423610141,positive_like,False
accuracy,q75,2,15,1,0,FN,0.2299833305006997,0.3196579632472137,-0.089674632746514,SSC_ik_subtalar_angle_r_std,5.80967023680482,1.48607330180429,0.875,0.22650988988872692,-0.6795296696661801,-0.906039559554907,-1.7125831916930165,negative_like,True
accuracy,q75,2,15,1,0,FN,0.2299833305006997,0.3196579632472137,-0.089674632746514,VDJ_label_duration,0.6999999999999997,1.1513433833256599,0.90625,-0.08024514489845551,0.24073543469536668,0.3209805795938222,1.0710982384272043,positive_like,False
accuracy,q75,2,15,1,0,FN,0.2299833305006997,0.3196579632472137,-0.089674632746514,VDJ_grf_grf2_vz_peak_t_ms,78.50000000000001,0.0942965780222951,0.75,-0.1670869189517872,0.501260756855362,0.6683476758071492,-0.0727903409294923,negative_like,True
accuracy,q75,2,15,1,0,FN,0.2299833305006997,0.3196579632472137,-0.089674632746514,VDJ_id_knee_angle_r_moment_mean,44.86938730231677,-1.816371009325816,0.03125,0.07216705043466622,-0.21650115130400255,-0.28866820173866875,1.744203958891148,positive_like,False
accuracy,q75,2,15,1,0,FN,0.2299833305006997,0.3196579632472137,-0.089674632746514,VDJ_imu_Accel_Earth_Y_mG_abs_peak,17076.3,-0.18311760118324247,0.40625,0.22011078585275545,-0.6603323575582688,-0.8804431434110243,-0.036993184669514206,negative_like,True
accuracy,q75,2,15,1,0,FN,0.2299833305006997,0.3196579632472137,-0.089674632746514,VDJ_id_hip_rotation_r_moment_mean,-3.8247902254455344,-0.9328245183158685,0.21875,-0.10310476147561894,0.3093142844268565,0.4124190459024754,-1.0359292797914874,negative_like,True
accuracy,median,3,4,0,1,FP,0.4661971178119615,0.3392258155738876,0.1269713022380739,VDJ_emg_VLO_peak_t_ms,97.99999999999986,0.15358575017280873,0.6875,0.31043928226419093,-0.7933448324529316,-1.1037841147171226,-0.3950385252671791,negative_like,False
accuracy,median,3,4,0,1,FP,0.4661971178119615,0.3392258155738876,0.1269713022380739,VDJ_emg_SEMITEND_min,11.909658432006836,0.22373224014635565,0.71875,-0.26724736302633795,0.6829654832895304,0.9502128463158683,0.015873180014759403,positive_like,True
accuracy,median,3,4,0,1,FP,0.4661971178119615,0.3392258155738876,0.1269713022380739,SSC_imu_roll_deg_peak_t_ms,18.49999999999996,-0.22751166736229583,0.75,0.21892030851755143,-0.5594630106559654,-0.7783833191735168,0.057240316293088844,positive_like,True
accuracy,median,3,4,0,1,FP,0.4661971178119615,0.3392258155738876,0.1269713022380739,VDJ_ik_hip_adduction_r_range,17.21646512,2.8657451031885923,1.0,-0.25059281296262065,0.6404038553489205,0.8909966683115411,2.6708395819954425,positive_like,True
accuracy,median,3,4,0,1,FP,0.4661971178119615,0.3392258155738876,0.1269713022380739,SSC_syn2_early_integral,0.0380012978818292,-0.2742288879499991,0.53125,0.2679960874984063,-0.6848788902737046,-0.9528749777721109,0.06578748656234995,positive_like,True
accuracy,median,3,4,0,1,FP,0.4661971178119615,0.3392258155738876,0.1269713022380739,VDJ_id_knee_angle_r_moment_min,-15.716744765000096,0.5188629969014018,0.6875,-0.12051429311435616,0.30798097129224555,0.4284952644066017,0.4251296578124571,positive_like,True
accuracy,median,3,4,0,1,FP,0.4661971178119615,0.3392258155738876,0.1269713022380739,SSC_ik_hip_rotation_r_range,11.308937448,-0.28598779864458207,0.53125,0.21874558516797796,-0.5590164954292772,-0.7777620805972552,0.11585234351393242,positive_like,True
accuracy,median,3,4,0,1,FP,0.4661971178119615,0.3392258155738876,0.1269713022380739,VDJ_emg_VMO_max,118.09098815917967,-1.1936130250089576,0.0625,0.14383454323865705,-0.367577166054346,-0.5114117092930031,1.0817417136011132,positive_like,True
accuracy,median,3,4,0,1,FP,0.4661971178119615,0.3392258155738876,0.1269713022380739,SSC_emg_MED. GASTRO_min,0.0,-0.7643025136375861,0.34375,0.16890211154893406,-0.4316387295139428,-0.6005408410628769,0.6329342046550817,positive_like,True
accuracy,median,3,4,0,1,FP,0.4661971178119615,0.3392258155738876,0.1269713022380739,SSC_id_hip_adduction_r_moment_std,47.98701624699117,-0.47662365495873155,0.40625,-0.2528558956088063,0.6461872887780581,0.8990431843868644,-0.6732893515433575,negative_like,False
accuracy,median,3,4,0,1,FP,0.4661971178119615,0.3392258155738876,0.1269713022380739,VDJ_ik_hip_adduction_r_std,5.517640879117384,2.1303946495498134,0.96875,-0.20042336964846824,0.5121930557683069,0.7126164254167751,1.974509806489894,positive_like,True
accuracy,median,3,4,0,1,FP,0.4661971178119615,0.3392258155738876,0.1269713022380739,VDJ_ik_hip_adduction_r_abs_peak,12.55012434,1.0055545346695551,0.875,-0.23011216140552262,0.5880644124807817,0.8181765738863043,0.8265784091319256,positive_like,True
accuracy,median,3,4,0,1,FP,0.4661971178119615,0.3392258155738876,0.1269713022380739,VDJ_syn1_sparsity,0.5326171555963259,0.16880024312550004,0.625,0.1402799280492201,-0.3584931494591197,-0.49877307750833977,-0.27790685383044983,negative_like,False
accuracy,median,3,4,0,1,FP,0.4661971178119615,0.3392258155738876,0.1269713022380739,VDJ_emg_VMO_abs_peak,118.09098815917967,-1.1936130250089576,0.0625,0.14383454323865705,-0.367577166054346,-0.5114117092930031,1.0817417136011132,positive_like,True
accuracy,median,3,4,0,1,FP,0.4661971178119615,0.3392258155738876,0.1269713022380739,SSC_ik_subtalar_angle_r_std,6.225764701398537,1.489468867870032,0.875,0.18535444860071987,-0.4736835908685049,-0.6590380394692248,-1.6336334390039247,negative_like,False
accuracy,median,3,4,0,1,FP,0.4661971178119615,0.3392258155738876,0.1269713022380739,VDJ_label_duration,0.7299999999999995,1.479008802495772,0.96875,-0.07146390531550975,0.18262998025074906,0.2540938855662588,1.4234257650281523,positive_like,True
accuracy,median,3,4,0,1,FP,0.4661971178119615,0.3392258155738876,0.1269713022380739,VDJ_grf_grf2_vz_peak_t_ms,76.99999999999996,0.10382922921806056,0.8125,-0.14897237235635322,0.3807071737995662,0.5296795461559194,-0.012038171503545927,negative_like,False
accuracy,median,3,4,0,1,FP,0.4661971178119615,0.3392258155738876,0.1269713022380739,VDJ_id_knee_angle_r_moment_mean,72.29894193791093,0.5223207179013947,0.75,0.11255866750073004,-0.2876499280574232,-0.40020859555815325,-0.6098663481797413,negative_like,False
accuracy,median,3,4,0,1,FP,0.4661971178119615,0.3392258155738876,0.1269713022380739,VDJ_imu_Accel_Earth_Y_mG_abs_peak,15200.3,-1.1747925688102632,0.15625,0.17173575190795953,-0.4388802548758983,-0.6106160067838579,1.0412203173262937,positive_like,True
accuracy,median,3,4,0,1,FP,0.4661971178119615,0.3392258155738876,0.1269713022380739,VDJ_id_hip_rotation_r_moment_mean,-4.722803766396045,-0.8391504722785941,0.21875,-0.15475401756529933,0.39548248933354263,0.550236506898842,-0.9595147081627158,negative_like,False
accuracy,q65,3,4,0,1,FP,0.4661971178119615,0.3525357194663847,0.11366139834557681,VDJ_emg_VLO_peak_t_ms,97.99999999999986,0.15358575017280873,0.6875,0.31043928226419093,-0.7933448324529316,-1.1037841147171226,-0.3950385252671791,negative_like,False
accuracy,q65,3,4,0,1,FP,0.4661971178119615,0.3525357194663847,0.11366139834557681,VDJ_emg_SEMITEND_min,11.909658432006836,0.22373224014635565,0.71875,-0.26724736302633795,0.6829654832895304,0.9502128463158683,0.015873180014759403,positive_like,True
accuracy,q65,3,4,0,1,FP,0.4661971178119615,0.3525357194663847,0.11366139834557681,SSC_imu_roll_deg_peak_t_ms,18.49999999999996,-0.22751166736229583,0.75,0.21892030851755143,-0.5594630106559654,-0.7783833191735168,0.057240316293088844,positive_like,True
accuracy,q65,3,4,0,1,FP,0.4661971178119615,0.3525357194663847,0.11366139834557681,VDJ_ik_hip_adduction_r_range,17.21646512,2.8657451031885923,1.0,-0.25059281296262065,0.6404038553489205,0.8909966683115411,2.6708395819954425,positive_like,True
accuracy,q65,3,4,0,1,FP,0.4661971178119615,0.3525357194663847,0.11366139834557681,SSC_syn2_early_integral,0.0380012978818292,-0.2742288879499991,0.53125,0.2679960874984063,-0.6848788902737046,-0.9528749777721109,0.06578748656234995,positive_like,True
accuracy,q65,3,4,0,1,FP,0.4661971178119615,0.3525357194663847,0.11366139834557681,VDJ_id_knee_angle_r_moment_min,-15.716744765000096,0.5188629969014018,0.6875,-0.12051429311435616,0.30798097129224555,0.4284952644066017,0.4251296578124571,positive_like,True
accuracy,q65,3,4,0,1,FP,0.4661971178119615,0.3525357194663847,0.11366139834557681,SSC_ik_hip_rotation_r_range,11.308937448,-0.28598779864458207,0.53125,0.21874558516797796,-0.5590164954292772,-0.7777620805972552,0.11585234351393242,positive_like,True
accuracy,q65,3,4,0,1,FP,0.4661971178119615,0.3525357194663847,0.11366139834557681,VDJ_emg_VMO_max,118.09098815917967,-1.1936130250089576,0.0625,0.14383454323865705,-0.367577166054346,-0.5114117092930031,1.0817417136011132,positive_like,True
accuracy,q65,3,4,0,1,FP,0.4661971178119615,0.3525357194663847,0.11366139834557681,SSC_emg_MED. GASTRO_min,0.0,-0.7643025136375861,0.34375,0.16890211154893406,-0.4316387295139428,-0.6005408410628769,0.6329342046550817,positive_like,True
accuracy,q65,3,4,0,1,FP,0.4661971178119615,0.3525357194663847,0.11366139834557681,SSC_id_hip_adduction_r_moment_std,47.98701624699117,-0.47662365495873155,0.40625,-0.2528558956088063,0.6461872887780581,0.8990431843868644,-0.6732893515433575,negative_like,False
accuracy,q65,3,4,0,1,FP,0.4661971178119615,0.3525357194663847,0.11366139834557681,VDJ_ik_hip_adduction_r_std,5.517640879117384,2.1303946495498134,0.96875,-0.20042336964846824,0.5121930557683069,0.7126164254167751,1.974509806489894,positive_like,True
accuracy,q65,3,4,0,1,FP,0.4661971178119615,0.3525357194663847,0.11366139834557681,VDJ_ik_hip_adduction_r_abs_peak,12.55012434,1.0055545346695551,0.875,-0.23011216140552262,0.5880644124807817,0.8181765738863043,0.8265784091319256,positive_like,True
accuracy,q65,3,4,0,1,FP,0.4661971178119615,0.3525357194663847,0.11366139834557681,VDJ_syn1_sparsity,0.5326171555963259,0.16880024312550004,0.625,0.1402799280492201,-0.3584931494591197,-0.49877307750833977,-0.27790685383044983,negative_like,False
accuracy,q65,3,4,0,1,FP,0.4661971178119615,0.3525357194663847,0.11366139834557681,VDJ_emg_VMO_abs_peak,118.09098815917967,-1.1936130250089576,0.0625,0.14383454323865705,-0.367577166054346,-0.5114117092930031,1.0817417136011132,positive_like,True
accuracy,q65,3,4,0,1,FP,0.4661971178119615,0.3525357194663847,0.11366139834557681,SSC_ik_subtalar_angle_r_std,6.225764701398537,1.489468867870032,0.875,0.18535444860071987,-0.4736835908685049,-0.6590380394692248,-1.6336334390039247,negative_like,False
accuracy,q65,3,4,0,1,FP,0.4661971178119615,0.3525357194663847,0.11366139834557681,VDJ_label_duration,0.7299999999999995,1.479008802495772,0.96875,-0.07146390531550975,0.18262998025074906,0.2540938855662588,1.4234257650281523,positive_like,True
accuracy,q65,3,4,0,1,FP,0.4661971178119615,0.3525357194663847,0.11366139834557681,VDJ_grf_grf2_vz_peak_t_ms,76.99999999999996,0.10382922921806056,0.8125,-0.14897237235635322,0.3807071737995662,0.5296795461559194,-0.012038171503545927,negative_like,False
accuracy,q65,3,4,0,1,FP,0.4661971178119615,0.3525357194663847,0.11366139834557681,VDJ_id_knee_angle_r_moment_mean,72.29894193791093,0.5223207179013947,0.75,0.11255866750073004,-0.2876499280574232,-0.40020859555815325,-0.6098663481797413,negative_like,False
accuracy,q65,3,4,0,1,FP,0.4661971178119615,0.3525357194663847,0.11366139834557681,VDJ_imu_Accel_Earth_Y_mG_abs_peak,15200.3,-1.1747925688102632,0.15625,0.17173575190795953,-0.4388802548758983,-0.6106160067838579,1.0412203173262937,positive_like,True
accuracy,q65,3,4,0,1,FP,0.4661971178119615,0.3525357194663847,0.11366139834557681,VDJ_id_hip_rotation_r_moment_mean,-4.722803766396045,-0.8391504722785941,0.21875,-0.15475401756529933,0.39548248933354263,0.550236506898842,-0.9595147081627158,negative_like,False
accuracy,q75,3,4,0,1,FP,0.4661971178119615,0.3525357194663847,0.11366139834557681,VDJ_emg_VLO_peak_t_ms,97.99999999999986,0.15358575017280873,0.6875,0.31043928226419093,-0.7933448324529316,-1.1037841147171226,-0.3950385252671791,negative_like,False
accuracy,q75,3,4,0,1,FP,0.4661971178119615,0.3525357194663847,0.11366139834557681,VDJ_emg_SEMITEND_min,11.909658432006836,0.22373224014635565,0.71875,-0.26724736302633795,0.6829654832895304,0.9502128463158683,0.015873180014759403,positive_like,True
accuracy,q75,3,4,0,1,FP,0.4661971178119615,0.3525357194663847,0.11366139834557681,SSC_imu_roll_deg_peak_t_ms,18.49999999999996,-0.22751166736229583,0.75,0.21892030851755143,-0.5594630106559654,-0.7783833191735168,0.057240316293088844,positive_like,True
accuracy,q75,3,4,0,1,FP,0.4661971178119615,0.3525357194663847,0.11366139834557681,VDJ_ik_hip_adduction_r_range,17.21646512,2.8657451031885923,1.0,-0.25059281296262065,0.6404038553489205,0.8909966683115411,2.6708395819954425,positive_like,True
accuracy,q75,3,4,0,1,FP,0.4661971178119615,0.3525357194663847,0.11366139834557681,SSC_syn2_early_integral,0.0380012978818292,-0.2742288879499991,0.53125,0.2679960874984063,-0.6848788902737046,-0.9528749777721109,0.06578748656234995,positive_like,True
accuracy,q75,3,4,0,1,FP,0.4661971178119615,0.3525357194663847,0.11366139834557681,VDJ_id_knee_angle_r_moment_min,-15.716744765000096,0.5188629969014018,0.6875,-0.12051429311435616,0.30798097129224555,0.4284952644066017,0.4251296578124571,positive_like,True
accuracy,q75,3,4,0,1,FP,0.4661971178119615,0.3525357194663847,0.11366139834557681,SSC_ik_hip_rotation_r_range,11.308937448,-0.28598779864458207,0.53125,0.21874558516797796,-0.5590164954292772,-0.7777620805972552,0.11585234351393242,positive_like,True
accuracy,q75,3,4,0,1,FP,0.4661971178119615,0.3525357194663847,0.11366139834557681,VDJ_emg_VMO_max,118.09098815917967,-1.1936130250089576,0.0625,0.14383454323865705,-0.367577166054346,-0.5114117092930031,1.0817417136011132,positive_like,True
accuracy,q75,3,4,0,1,FP,0.4661971178119615,0.3525357194663847,0.11366139834557681,SSC_emg_MED. GASTRO_min,0.0,-0.7643025136375861,0.34375,0.16890211154893406,-0.4316387295139428,-0.6005408410628769,0.6329342046550817,positive_like,True
accuracy,q75,3,4,0,1,FP,0.4661971178119615,0.3525357194663847,0.11366139834557681,SSC_id_hip_adduction_r_moment_std,47.98701624699117,-0.47662365495873155,0.40625,-0.2528558956088063,0.6461872887780581,0.8990431843868644,-0.6732893515433575,negative_like,False
accuracy,q75,3,4,0,1,FP,0.4661971178119615,0.3525357194663847,0.11366139834557681,VDJ_ik_hip_adduction_r_std,5.517640879117384,2.1303946495498134,0.96875,-0.20042336964846824,0.5121930557683069,0.7126164254167751,1.974509806489894,positive_like,True
accuracy,q75,3,4,0,1,FP,0.4661971178119615,0.3525357194663847,0.11366139834557681,VDJ_ik_hip_adduction_r_abs_peak,12.55012434,1.0055545346695551,0.875,-0.23011216140552262,0.5880644124807817,0.8181765738863043,0.8265784091319256,positive_like,True
accuracy,q75,3,4,0,1,FP,0.4661971178119615,0.3525357194663847,0.11366139834557681,VDJ_syn1_sparsity,0.5326171555963259,0.16880024312550004,0.625,0.1402799280492201,-0.3584931494591197,-0.49877307750833977,-0.27790685383044983,negative_like,False
accuracy,q75,3,4,0,1,FP,0.4661971178119615,0.3525357194663847,0.11366139834557681,VDJ_emg_VMO_abs_peak,118.09098815917967,-1.1936130250089576,0.0625,0.14383454323865705,-0.367577166054346,-0.5114117092930031,1.0817417136011132,positive_like,True
accuracy,q75,3,4,0,1,FP,0.4661971178119615,0.3525357194663847,0.11366139834557681,SSC_ik_subtalar_angle_r_std,6.225764701398537,1.489468867870032,0.875,0.18535444860071987,-0.4736835908685049,-0.6590380394692248,-1.6336334390039247,negative_like,False
accuracy,q75,3,4,0,1,FP,0.4661971178119615,0.3525357194663847,0.11366139834557681,VDJ_label_duration,0.7299999999999995,1.479008802495772,0.96875,-0.07146390531550975,0.18262998025074906,0.2540938855662588,1.4234257650281523,positive_like,True
accuracy,q75,3,4,0,1,FP,0.4661971178119615,0.3525357194663847,0.11366139834557681,VDJ_grf_grf2_vz_peak_t_ms,76.99999999999996,0.10382922921806056,0.8125,-0.14897237235635322,0.3807071737995662,0.5296795461559194,-0.012038171503545927,negative_like,False
accuracy,q75,3,4,0,1,FP,0.4661971178119615,0.3525357194663847,0.11366139834557681,VDJ_id_knee_angle_r_moment_mean,72.29894193791093,0.5223207179013947,0.75,0.11255866750073004,-0.2876499280574232,-0.40020859555815325,-0.6098663481797413,negative_like,False
accuracy,q75,3,4,0,1,FP,0.4661971178119615,0.3525357194663847,0.11366139834557681,VDJ_imu_Accel_Earth_Y_mG_abs_peak,15200.3,-1.1747925688102632,0.15625,0.17173575190795953,-0.4388802548758983,-0.6106160067838579,1.0412203173262937,positive_like,True
accuracy,q75,3,4,0,1,FP,0.4661971178119615,0.3525357194663847,0.11366139834557681,VDJ_id_hip_rotation_r_moment_mean,-4.722803766396045,-0.8391504722785941,0.21875,-0.15475401756529933,0.39548248933354263,0.550236506898842,-0.9595147081627158,negative_like,False
accuracy,median,4,18,0,1,FP,0.4220099626003495,0.3821643818114181,0.03984558078893141,VDJ_emg_VLO_peak_t_ms,127.99999999999967,0.5118758928616336,0.75,0.2539785774923778,-0.6490563647027424,-0.9030349421951203,-0.7094147864668159,negative_like,False
accuracy,median,4,18,0,1,FP,0.4220099626003495,0.3821643818114181,0.03984558078893141,VDJ_emg_SEMITEND_min,4.949685096740723,-0.44109811859807835,0.46875,-0.29461724856374827,0.7529107463295791,1.0475279948933274,-0.6702448674809938,negative_like,False
accuracy,median,4,18,0,1,FP,0.4220099626003495,0.3821643818114181,0.03984558078893141,SSC_imu_roll_deg_peak_t_ms,-20.315000000000083,-0.2844089137743742,0.75,0.21654663031735347,-0.5533969441443479,-0.7699435744617014,0.11598375686087697,positive_like,True
accuracy,median,4,18,0,1,FP,0.4220099626003495,0.3821643818114181,0.03984558078893141,VDJ_ik_hip_adduction_r_range,6.423708219999996,-0.5162342100462538,0.40625,-0.20519338372950377,0.5243830917531783,0.7295764754826821,-0.6758290640580911,negative_like,False
accuracy,median,4,18,0,1,FP,0.4220099626003495,0.3821643818114181,0.03984558078893141,SSC_syn2_early_integral,0.0440212443409052,-0.026038234016208014,0.65625,0.119503695141477,-0.3053983320282184,-0.42490202716969544,-0.06690908442716269,negative_like,False
accuracy,median,4,18,0,1,FP,0.4220099626003495,0.3821643818114181,0.03984558078893141,VDJ_id_knee_angle_r_moment_min,-23.142132069999185,-0.25005854065560507,0.21875,-0.10084639513945223,0.2577185653563789,0.3585649604958311,-0.3284946257640684,negative_like,False
accuracy,median,4,18,0,1,FP,0.4220099626003495,0.3821643818114181,0.03984558078893141,SSC_ik_hip_rotation_r_range,8.749087739999995,-0.7056356431848508,0.25,0.11511883889406421,-0.29419258828482986,-0.40931142717889407,0.616098768489468,positive_like,True
accuracy,median,4,18,0,1,FP,0.4220099626003495,0.3821643818114181,0.03984558078893141,VDJ_emg_VMO_max,129.45809936523438,-0.9444592904246663,0.15625,0.18101584048787392,-0.4625960368023445,-0.6436118772902184,0.8036691922674309,positive_like,True
accuracy,median,4,18,0,1,FP,0.4220099626003495,0.3821643818114181,0.03984558078893141,SSC_emg_MED. GASTRO_min,0.0,-0.6191940047089711,0.3125,0.21010837164686,-0.5369436164308643,-0.7470519880777243,0.455776382316969,positive_like,True
accuracy,median,4,18,0,1,FP,0.4220099626003495,0.3821643818114181,0.03984558078893141,SSC_id_hip_adduction_r_moment_std,65.16334602025012,0.4809760798307863,0.75,-0.20793536925352532,0.5313903880923402,0.7393257573458655,0.31924857041137883,positive_like,True
accuracy,median,4,18,0,1,FP,0.4220099626003495,0.3821643818114181,0.03984558078893141,VDJ_ik_hip_adduction_r_std,2.629074222056865,-0.2732206693825182,0.53125,-0.19806585578457805,0.5061682981161437,0.7042341539007217,-0.42727189054830106,negative_like,False
accuracy,median,4,18,0,1,FP,0.4220099626003495,0.3821643818114181,0.03984558078893141,VDJ_ik_hip_adduction_r_abs_peak,5.04706624,-0.7586298408688349,0.25,-0.24618736955939546,0.6291454999851236,0.875332869544519,-0.950108906081699,negative_like,False
accuracy,median,4,18,0,1,FP,0.4220099626003495,0.3821643818114181,0.03984558078893141,VDJ_syn1_sparsity,0.2998583253833797,-1.730264260207236,0.0625,0.26560970821545576,-0.6787803654394988,-0.9443900736549546,1.5236789315952144,positive_like,True
accuracy,median,4,18,0,1,FP,0.4220099626003495,0.3821643818114181,0.03984558078893141,VDJ_emg_VMO_abs_peak,129.45809936523438,-0.9444592904246663,0.15625,0.18101584048787392,-0.4625960368023445,-0.6436118772902184,0.8036691922674309,positive_like,True
accuracy,median,4,18,0,1,FP,0.4220099626003495,0.3821643818114181,0.03984558078893141,SSC_ik_subtalar_angle_r_std,3.458577759677552,-0.08414015534814738,0.5,0.1602984579414369,-0.4096516147392272,-0.5699500726806641,-0.040536423050747755,negative_like,False
accuracy,median,4,18,0,1,FP,0.4220099626003495,0.3821643818114181,0.03984558078893141,VDJ_label_duration,0.5299999999999998,-0.35244063269301934,0.375,-0.06117880874795409,0.15634584457810685,0.21752465332606094,-0.4000241506080957,negative_like,False
accuracy,median,4,18,0,1,FP,0.4220099626003495,0.3821643818114181,0.03984558078893141,VDJ_grf_grf2_vz_peak_t_ms,76.99999999999996,0.028202714111616158,0.78125,-0.19153321496673933,0.48947377158166344,0.6810069865484027,-0.12076756419584592,negative_like,False
accuracy,median,4,18,0,1,FP,0.4220099626003495,0.3821643818114181,0.03984558078893141,VDJ_id_knee_angle_r_moment_mean,70.63115649502976,0.4576095565295043,0.65625,0.09728961442522073,-0.24862901464223267,-0.3459186290674534,-0.5332792566380102,negative_like,False
accuracy,median,4,18,0,1,FP,0.4220099626003495,0.3821643818114181,0.03984558078893141,VDJ_imu_Accel_Earth_Y_mG_abs_peak,18154.7,-0.02431416417263037,0.375,0.28376876288200825,-0.725186838476244,-1.0089556013582524,-0.1963948736244875,negative_like,False
accuracy,median,4,18,0,1,FP,0.4220099626003495,0.3821643818114181,0.03984558078893141,VDJ_id_hip_rotation_r_moment_mean,2.8226057554752466,-0.10981349917153872,0.4375,-0.1371468093246492,0.3504862904963255,0.4876330998209747,-0.21648323975737688,negative_like,False
accuracy,q65,4,18,0,1,FP,0.4220099626003495,0.3821643818114181,0.03984558078893141,VDJ_emg_VLO_peak_t_ms,127.99999999999967,0.5118758928616336,0.75,0.2539785774923778,-0.6490563647027424,-0.9030349421951203,-0.7094147864668159,negative_like,False
accuracy,q65,4,18,0,1,FP,0.4220099626003495,0.3821643818114181,0.03984558078893141,VDJ_emg_SEMITEND_min,4.949685096740723,-0.44109811859807835,0.46875,-0.29461724856374827,0.7529107463295791,1.0475279948933274,-0.6702448674809938,negative_like,False
accuracy,q65,4,18,0,1,FP,0.4220099626003495,0.3821643818114181,0.03984558078893141,SSC_imu_roll_deg_peak_t_ms,-20.315000000000083,-0.2844089137743742,0.75,0.21654663031735347,-0.5533969441443479,-0.7699435744617014,0.11598375686087697,positive_like,True
accuracy,q65,4,18,0,1,FP,0.4220099626003495,0.3821643818114181,0.03984558078893141,VDJ_ik_hip_adduction_r_range,6.423708219999996,-0.5162342100462538,0.40625,-0.20519338372950377,0.5243830917531783,0.7295764754826821,-0.6758290640580911,negative_like,False
accuracy,q65,4,18,0,1,FP,0.4220099626003495,0.3821643818114181,0.03984558078893141,SSC_syn2_early_integral,0.0440212443409052,-0.026038234016208014,0.65625,0.119503695141477,-0.3053983320282184,-0.42490202716969544,-0.06690908442716269,negative_like,False
accuracy,q65,4,18,0,1,FP,0.4220099626003495,0.3821643818114181,0.03984558078893141,VDJ_id_knee_angle_r_moment_min,-23.142132069999185,-0.25005854065560507,0.21875,-0.10084639513945223,0.2577185653563789,0.3585649604958311,-0.3284946257640684,negative_like,False
accuracy,q65,4,18,0,1,FP,0.4220099626003495,0.3821643818114181,0.03984558078893141,SSC_ik_hip_rotation_r_range,8.749087739999995,-0.7056356431848508,0.25,0.11511883889406421,-0.29419258828482986,-0.40931142717889407,0.616098768489468,positive_like,True
accuracy,q65,4,18,0,1,FP,0.4220099626003495,0.3821643818114181,0.03984558078893141,VDJ_emg_VMO_max,129.45809936523438,-0.9444592904246663,0.15625,0.18101584048787392,-0.4625960368023445,-0.6436118772902184,0.8036691922674309,positive_like,True
accuracy,q65,4,18,0,1,FP,0.4220099626003495,0.3821643818114181,0.03984558078893141,SSC_emg_MED. GASTRO_min,0.0,-0.6191940047089711,0.3125,0.21010837164686,-0.5369436164308643,-0.7470519880777243,0.455776382316969,positive_like,True
accuracy,q65,4,18,0,1,FP,0.4220099626003495,0.3821643818114181,0.03984558078893141,SSC_id_hip_adduction_r_moment_std,65.16334602025012,0.4809760798307863,0.75,-0.20793536925352532,0.5313903880923402,0.7393257573458655,0.31924857041137883,positive_like,True
accuracy,q65,4,18,0,1,FP,0.4220099626003495,0.3821643818114181,0.03984558078893141,VDJ_ik_hip_adduction_r_std,2.629074222056865,-0.2732206693825182,0.53125,-0.19806585578457805,0.5061682981161437,0.7042341539007217,-0.42727189054830106,negative_like,False
accuracy,q65,4,18,0,1,FP,0.4220099626003495,0.3821643818114181,0.03984558078893141,VDJ_ik_hip_adduction_r_abs_peak,5.04706624,-0.7586298408688349,0.25,-0.24618736955939546,0.6291454999851236,0.875332869544519,-0.950108906081699,negative_like,False
accuracy,q65,4,18,0,1,FP,0.4220099626003495,0.3821643818114181,0.03984558078893141,VDJ_syn1_sparsity,0.2998583253833797,-1.730264260207236,0.0625,0.26560970821545576,-0.6787803654394988,-0.9443900736549546,1.5236789315952144,positive_like,True
accuracy,q65,4,18,0,1,FP,0.4220099626003495,0.3821643818114181,0.03984558078893141,VDJ_emg_VMO_abs_peak,129.45809936523438,-0.9444592904246663,0.15625,0.18101584048787392,-0.4625960368023445,-0.6436118772902184,0.8036691922674309,positive_like,True
accuracy,q65,4,18,0,1,FP,0.4220099626003495,0.3821643818114181,0.03984558078893141,SSC_ik_subtalar_angle_r_std,3.458577759677552,-0.08414015534814738,0.5,0.1602984579414369,-0.4096516147392272,-0.5699500726806641,-0.040536423050747755,negative_like,False
accuracy,q65,4,18,0,1,FP,0.4220099626003495,0.3821643818114181,0.03984558078893141,VDJ_label_duration,0.5299999999999998,-0.35244063269301934,0.375,-0.06117880874795409,0.15634584457810685,0.21752465332606094,-0.4000241506080957,negative_like,False
accuracy,q65,4,18,0,1,FP,0.4220099626003495,0.3821643818114181,0.03984558078893141,VDJ_grf_grf2_vz_peak_t_ms,76.99999999999996,0.028202714111616158,0.78125,-0.19153321496673933,0.48947377158166344,0.6810069865484027,-0.12076756419584592,negative_like,False
accuracy,q65,4,18,0,1,FP,0.4220099626003495,0.3821643818114181,0.03984558078893141,VDJ_id_knee_angle_r_moment_mean,70.63115649502976,0.4576095565295043,0.65625,0.09728961442522073,-0.24862901464223267,-0.3459186290674534,-0.5332792566380102,negative_like,False
accuracy,q65,4,18,0,1,FP,0.4220099626003495,0.3821643818114181,0.03984558078893141,VDJ_imu_Accel_Earth_Y_mG_abs_peak,18154.7,-0.02431416417263037,0.375,0.28376876288200825,-0.725186838476244,-1.0089556013582524,-0.1963948736244875,negative_like,False
accuracy,q65,4,18,0,1,FP,0.4220099626003495,0.3821643818114181,0.03984558078893141,VDJ_id_hip_rotation_r_moment_mean,2.8226057554752466,-0.10981349917153872,0.4375,-0.1371468093246492,0.3504862904963255,0.4876330998209747,-0.21648323975737688,negative_like,False
accuracy,q75,4,18,0,1,FP,0.4220099626003495,0.3821643818114181,0.03984558078893141,VDJ_emg_VLO_peak_t_ms,127.99999999999967,0.5118758928616336,0.75,0.2539785774923778,-0.6490563647027424,-0.9030349421951203,-0.7094147864668159,negative_like,False
accuracy,q75,4,18,0,1,FP,0.4220099626003495,0.3821643818114181,0.03984558078893141,VDJ_emg_SEMITEND_min,4.949685096740723,-0.44109811859807835,0.46875,-0.29461724856374827,0.7529107463295791,1.0475279948933274,-0.6702448674809938,negative_like,False
accuracy,q75,4,18,0,1,FP,0.4220099626003495,0.3821643818114181,0.03984558078893141,SSC_imu_roll_deg_peak_t_ms,-20.315000000000083,-0.2844089137743742,0.75,0.21654663031735347,-0.5533969441443479,-0.7699435744617014,0.11598375686087697,positive_like,True
accuracy,q75,4,18,0,1,FP,0.4220099626003495,0.3821643818114181,0.03984558078893141,VDJ_ik_hip_adduction_r_range,6.423708219999996,-0.5162342100462538,0.40625,-0.20519338372950377,0.5243830917531783,0.7295764754826821,-0.6758290640580911,negative_like,False
accuracy,q75,4,18,0,1,FP,0.4220099626003495,0.3821643818114181,0.03984558078893141,SSC_syn2_early_integral,0.0440212443409052,-0.026038234016208014,0.65625,0.119503695141477,-0.3053983320282184,-0.42490202716969544,-0.06690908442716269,negative_like,False
accuracy,q75,4,18,0,1,FP,0.4220099626003495,0.3821643818114181,0.03984558078893141,VDJ_id_knee_angle_r_moment_min,-23.142132069999185,-0.25005854065560507,0.21875,-0.10084639513945223,0.2577185653563789,0.3585649604958311,-0.3284946257640684,negative_like,False
accuracy,q75,4,18,0,1,FP,0.4220099626003495,0.3821643818114181,0.03984558078893141,SSC_ik_hip_rotation_r_range,8.749087739999995,-0.7056356431848508,0.25,0.11511883889406421,-0.29419258828482986,-0.40931142717889407,0.616098768489468,positive_like,True
accuracy,q75,4,18,0,1,FP,0.4220099626003495,0.3821643818114181,0.03984558078893141,VDJ_emg_VMO_max,129.45809936523438,-0.9444592904246663,0.15625,0.18101584048787392,-0.4625960368023445,-0.6436118772902184,0.8036691922674309,positive_like,True
accuracy,q75,4,18,0,1,FP,0.4220099626003495,0.3821643818114181,0.03984558078893141,SSC_emg_MED. GASTRO_min,0.0,-0.6191940047089711,0.3125,0.21010837164686,-0.5369436164308643,-0.7470519880777243,0.455776382316969,positive_like,True
accuracy,q75,4,18,0,1,FP,0.4220099626003495,0.3821643818114181,0.03984558078893141,SSC_id_hip_adduction_r_moment_std,65.16334602025012,0.4809760798307863,0.75,-0.20793536925352532,0.5313903880923402,0.7393257573458655,0.31924857041137883,positive_like,True
accuracy,q75,4,18,0,1,FP,0.4220099626003495,0.3821643818114181,0.03984558078893141,VDJ_ik_hip_adduction_r_std,2.629074222056865,-0.2732206693825182,0.53125,-0.19806585578457805,0.5061682981161437,0.7042341539007217,-0.42727189054830106,negative_like,False
accuracy,q75,4,18,0,1,FP,0.4220099626003495,0.3821643818114181,0.03984558078893141,VDJ_ik_hip_adduction_r_abs_peak,5.04706624,-0.7586298408688349,0.25,-0.24618736955939546,0.6291454999851236,0.875332869544519,-0.950108906081699,negative_like,False
accuracy,q75,4,18,0,1,FP,0.4220099626003495,0.3821643818114181,0.03984558078893141,VDJ_syn1_sparsity,0.2998583253833797,-1.730264260207236,0.0625,0.26560970821545576,-0.6787803654394988,-0.9443900736549546,1.5236789315952144,positive_like,True
accuracy,q75,4,18,0,1,FP,0.4220099626003495,0.3821643818114181,0.03984558078893141,VDJ_emg_VMO_abs_peak,129.45809936523438,-0.9444592904246663,0.15625,0.18101584048787392,-0.4625960368023445,-0.6436118772902184,0.8036691922674309,positive_like,True
accuracy,q75,4,18,0,1,FP,0.4220099626003495,0.3821643818114181,0.03984558078893141,SSC_ik_subtalar_angle_r_std,3.458577759677552,-0.08414015534814738,0.5,0.1602984579414369,-0.4096516147392272,-0.5699500726806641,-0.040536423050747755,negative_like,False
accuracy,q75,4,18,0,1,FP,0.4220099626003495,0.3821643818114181,0.03984558078893141,VDJ_label_duration,0.5299999999999998,-0.35244063269301934,0.375,-0.06117880874795409,0.15634584457810685,0.21752465332606094,-0.4000241506080957,negative_like,False
accuracy,q75,4,18,0,1,FP,0.4220099626003495,0.3821643818114181,0.03984558078893141,VDJ_grf_grf2_vz_peak_t_ms,76.99999999999996,0.028202714111616158,0.78125,-0.19153321496673933,0.48947377158166344,0.6810069865484027,-0.12076756419584592,negative_like,False
accuracy,q75,4,18,0,1,FP,0.4220099626003495,0.3821643818114181,0.03984558078893141,VDJ_id_knee_angle_r_moment_mean,70.63115649502976,0.4576095565295043,0.65625,0.09728961442522073,-0.24862901464223267,-0.3459186290674534,-0.5332792566380102,negative_like,False
accuracy,q75,4,18,0,1,FP,0.4220099626003495,0.3821643818114181,0.03984558078893141,VDJ_imu_Accel_Earth_Y_mG_abs_peak,18154.7,-0.02431416417263037,0.375,0.28376876288200825,-0.725186838476244,-1.0089556013582524,-0.1963948736244875,negative_like,False
accuracy,q75,4,18,0,1,FP,0.4220099626003495,0.3821643818114181,0.03984558078893141,VDJ_id_hip_rotation_r_moment_mean,2.8226057554752466,-0.10981349917153872,0.4375,-0.1371468093246492,0.3504862904963255,0.4876330998209747,-0.21648323975737688,negative_like,False
